image_name,label
Healthy-87-img-2_647_802.jpg,healthy
WSSV-69-img-1_766_979.jpg,wssv
WSSV-15-img-1_804_807.jpg,wssv
Healthy-81-img-3_993_634.jpg,healthy
WSSV-1-img-2_915_836.jpg,wssv
WSSV-86-img-3_980_1015.jpg,wssv
WSSV-74-img-1_842_883.jpg,wssv
Healthy-31-img-2_879_698.jpg,healthy
Healthy-77-img-2_812_802.jpg,healthy
Healthy-108-img-3_859_688.jpg,healthy
WSSV-65-img-3_1053_1200.jpg,wssv
Healthy-25-img-1_1122_1056.jpg,wssv
Healthy-55-img-1_861_896.jpg,healthy
Healthy-141-img-3_1332_829.jpg,healthy
Healthy-97-img-1_902_706.jpg,healthy
WSSV-87-img-1_785_724.jpg,wssv
WSSV-7-img-2_1151_869.jpg,wssv
Healthy-56-img-2_1270_1004.jpg,healthy
WSSV-79-img-2_877_954.jpg,wssv
Healthy-106-img-3_1004_1073.jpg,healthy
WSSV-82-img-1_940_829.jpg,wssv
Healthy-60-img-3_1043_589.jpg,healthy
WSSV-66-img-1_1044_787.jpg,wssv
Healthy-90-img-3_633_821.jpg,healthy
Healthy-50-img-1_1062_693.jpg,wssv
WSSV-54-img-2_878_815.jpg,healthy
WSSV-8-img-2_522_1058.jpg,wssv
WSSV-51-img-1_897_951.jpg,wssv
Healthy-114-img-3_835_1018.jpg,healthy
WSSV-99-img-1_790_892.jpg,wssv
WSSV-2-img-1_672_1142.jpg,wssv
WSSV-104-img-3_883_1219.jpg,wssv
WSSV-92-img-2_1028_719.jpg,wssv
Healthy-112-img-3_690_1199.jpg,healthy
WSSV-38-img-1_882_972.jpg,healthy
Healthy-131-img-3_1084_1016.jpg,healthy
Healthy-115-img-2_833_915.jpg,healthy
WSSV-31-img-3_1487_899.jpg,wssv
WSSV-33-img-1_998_695.jpg,wssv
Healthy-7-img-2_876_862.jpg,healthy
Healthy-128-img-1_863_1009.jpg,healthy
WSSV-96-img-3_944_1222.jpg,wssv
Healthy-8-img-3_860_777.jpg,healthy
WSSV-35-img-2_496_907.jpg,wssv
WSSV-66-img-3_982_888.jpg,wssv
WSSV-47-img-2_984_862.jpg,wssv
WSSV-58-img-2_932_1008.jpg,wssv
Healthy-106-img-1_1129_872.jpg,healthy
Healthy-39-img-2_767_1133.jpg,healthy
WSSV-94-img-3_886_1268.jpg,healthy
Healthy-67-img-2_842_578.jpg,healthy
WSSV-19-img-3_1138_1117.jpg,healthy
Healthy-110-img-1_852_815.jpg,healthy
WSSV-86-img-1_848_891.jpg,wssv
Healthy-34-img-2_980_714.jpg,healthy
Healthy-7-img-1_937_1003.jpg,healthy
WSSV-118-img-1_769_786.jpg,wssv
Healthy-10-img-3_688_1118.jpg,healthy
Healthy-31-img-1_788_720.jpg,healthy
WSSV-77-img-1_837_806.jpg,wssv
WSSV-105-img-1_956_1083.jpg,wssv
WSSV-42-img-3_972_1464.jpg,wssv
WSSV-26-img-3_1145_1105.jpg,wssv
WSSV-60-img-3_842_1111.jpg,wssv
Healthy-71-img-1_1180_803.jpg,healthy
Healthy-108-img-2_830_729.jpg,healthy
Healthy-142-img-3_1223_1312.jpg,healthy
Healthy-6-img-1_945_707.jpg,healthy
Healthy-101-img-1_843_762.jpg,healthy
WSSV-17-img-3_937_1250.jpg,wssv
Healthy-104-img-2_1129_1012.jpg,healthy
Healthy-77-img-1_931_953.jpg,healthy
Healthy-62-img-1_881_963.jpg,healthy
WSSV-33-img-3_1102_1421.jpg,wssv
WSSV-106-img-1_698_1022.jpg,wssv
WSSV-6-img-3_813_759.jpg,wssv
Healthy-36-img-3_706_1162.jpg,healthy
WSSV-41-img-3_696_1301.jpg,wssv
WSSV-92-img-1_995_801.jpg,wssv
WSSV-14-img-2_838_814.jpg,wssv
Healthy-57-img-3_935_501.jpg,healthy
Healthy-9-img-1_1013_950.jpg,healthy
Healthy-97-img-3_842_837.jpg,healthy
Healthy-126-img-2_549_884.jpg,healthy
WSSV-29-img-2_982_870.jpg,wssv
Healthy-47-img-2_1025_845.jpg,healthy
WSSV-43-img-3_860_1279.jpg,healthy
Healthy-109-img-2_1070_1264.jpg,healthy
Healthy-37-img-3_849_1284.jpg,healthy
Healthy-125-img-3_823_695.jpg,healthy
Healthy-141-img-1_646_808.jpg,healthy
Healthy-105-img-2_1035_1299.jpg,healthy
Healthy-28-img-2_1004_737.jpg,healthy
Healthy-130-img-1_902_1155.jpg,healthy
Healthy-52-img-1_1021_620.jpg,wssv
WSSV-100-img-1_829_685.jpg,wssv
WSSV-20-img-2_649_1063.jpg,healthy
WSSV-67-img-3_857_1215.jpg,wssv
WSSV-80-img-2_1108_673.jpg,wssv
Healthy-111-img-3_935_1323.jpg,healthy
Healthy-94-img-2_684_747.jpg,healthy
Healthy-20-img-3_1184_979.jpg,healthy
Healthy-51-img-2_858_664.jpg,healthy
Healthy-111-img-2_927_1183.jpg,healthy
WSSV-73-img-1_722_895.jpg,wssv
Healthy-76-img-1_1023_968.jpg,healthy
Healthy-43-img-2_871_784.jpg,wssv
Healthy-117-img-1_915_1067.jpg,healthy
Healthy-2-img-1_969_690.jpg,healthy
WSSV-101-img-2_755_851.jpg,wssv
Healthy-84-img-3_708_1213.jpg,healthy
Healthy-128-img-3_812_623.jpg,healthy
WSSV-50-img-3_991_1350.jpg,wssv
Healthy-52-img-2_943_682.jpg,wssv
WSSV-112-img-3_885_1306.jpg,healthy
WSSV-40-img-2_1270_698.jpg,wssv
Healthy-100-img-3_808_1160.jpg,healthy
Healthy-29-img-3_766_648.jpg,healthy
WSSV-40-img-1_1022_588.jpg,wssv
Healthy-94-img-3_813_1313.jpg,healthy
Healthy-27-img-1_1117_1139.jpg,healthy
Healthy-115-img-1_782_631.jpg,healthy
Healthy-97-img-2_768_693.jpg,healthy
WSSV-48-img-1_816_915.jpg,wssv
WSSV-88-img-2_829_706.jpg,wssv
WSSV-90-img-2_720_739.jpg,wssv
Healthy-36-img-1_1039_938.jpg,healthy
Healthy-69-img-3_786_1089.jpg,healthy
Healthy-46-img-2_999_1030.jpg,healthy
Healthy-109-img-3_1099_854.jpg,healthy
WSSV-3-img-1_674_1414.jpg,wssv
Healthy-45-img-2_815_911.jpg,wssv
WSSV-57-img-1_1028_883.jpg,wssv
WSSV-25-img-3_712_1159.jpg,wssv
Healthy-59-img-1_1137_654.jpg,healthy
WSSV-7-img-3_1108_834.jpg,wssv
WSSV-42-img-2_712_821.jpg,wssv
Healthy-43-img-3_1068_1231.jpg,healthy
WSSV-54-img-1_1080_1196.jpg,wssv
Healthy-58-img-2_893_1111.jpg,healthy
Healthy-44-img-2_1233_904.jpg,wssv
Healthy-11-img-2_681_937.jpg,healthy
WSSV-13-img-2_807_647.jpg,wssv
WSSV-55-img-3_998_1445.jpg,wssv
Healthy-134-img-2_971_713.jpg,healthy
Healthy-103-img-2_892_1115.jpg,healthy
WSSV-8-img-1_710_751.jpg,healthy
Healthy-20-img-2_863_518.jpg,healthy
Healthy-137-img-1_902_745.jpg,healthy
WSSV-58-img-3_821_1293.jpg,wssv
WSSV-23-img-3_751_1290.jpg,wssv
Healthy-19-img-3_988_627.jpg,wssv
Healthy-120-img-3_1014_827.jpg,healthy
Healthy-69-img-2_793_825.jpg,wssv
WSSV-69-img-2_661_795.jpg,wssv
Healthy-57-img-2_821_965.jpg,healthy
Healthy-126-img-1_743_1083.jpg,healthy
WSSV-64-img-2_513_883.jpg,wssv
Healthy-80-img-1_897_956.jpg,healthy
Healthy-105-img-3_1003_1032.jpg,healthy
WSSV-102-img-1_603_705.jpg,wssv
Healthy-104-img-1_1022_860.jpg,healthy
Healthy-61-img-1_1072_813.jpg,healthy
WSSV-16-img-3_836_1102.jpg,wssv
WSSV-68-img-2_901_791.jpg,wssv
WSSV-108-img-1_786_807.jpg,wssv
WSSV-74-img-2_754_824.jpg,wssv
WSSV-81-img-2_1151_820.jpg,wssv
WSSV-95-img-2_1171_781.jpg,wssv
WSSV-112-img-2_1052_989.jpg,wssv
Healthy-62-img-3_983_543.jpg,healthy
Healthy-53-img-1_937_537.jpg,healthy
Healthy-110-img-3_914_690.jpg,healthy
Healthy-121-img-2_891_821.jpg,healthy
WSSV-29-img-1_1110_785.jpg,healthy
Healthy-133-img-1_596_796.jpg,healthy
Healthy-107-img-1_1016_803.jpg,healthy
Healthy-140-img-2_1285_746.jpg,healthy
WSSV-72-img-1_953_1049.jpg,wssv
WSSV-90-img-1_809_1111.jpg,wssv
Healthy-84-img-2_677_695.jpg,healthy
WSSV-115-img-2_718_894.jpg,wssv
Healthy-100-img-1_854_1042.jpg,wssv
WSSV-19-img-2_890_917.jpg,healthy
WSSV-25-img-1_978_832.jpg,wssv
WSSV-9-img-2_678_440.jpg,wssv
WSSV-5-img-2_1158_1110.jpg,wssv
Healthy-51-img-3_924_666.jpg,wssv
Healthy-119-img-2_837_1175.jpg,healthy
WSSV-111-img-3_1020_1134.jpg,healthy
Healthy-125-img-1_739_875.jpg,healthy
WSSV-22-img-1_825_821.jpg,healthy
Healthy-96-img-1_678_782.jpg,healthy
WSSV-45-img-3_1241_739.jpg,wssv
Healthy-34-img-3_709_1287.jpg,wssv
Healthy-137-img-2_980_685.jpg,healthy
Healthy-40-img-1_774_965.jpg,healthy
Healthy-24-img-1_1093_546.jpg,wssv
WSSV-108-img-2_713_699.jpg,wssv
Healthy-12-img-2_958_1093.jpg,healthy
Healthy-39-img-3_970_1028.jpg,healthy
Healthy-72-img-1_949_600.jpg,healthy
WSSV-77-img-3_547_983.jpg,healthy
WSSV-68-img-3_835_1322.jpg,wssv
WSSV-10-img-2_796_732.jpg,wssv
Healthy-128-img-2_538_762.jpg,healthy
WSSV-46-img-2_1346_1077.jpg,wssv
WSSV-79-img-3_1050_1162.jpg,wssv
Healthy-48-img-2_903_683.jpg,healthy
WSSV-99-img-2_707_924.jpg,wssv
WSSV-85-img-1_1011_889.jpg,healthy
Healthy-91-img-1_830_901.jpg,healthy
Healthy-63-img-2_803_871.jpg,healthy
WSSV-105-img-2_785_1108.jpg,wssv
Healthy-5-img-3_898_538.jpg,healthy
Healthy-19-img-1_841_643.jpg,wssv
Healthy-73-img-1_1002_1055.jpg,healthy
Healthy-64-img-3_1022_589.jpg,healthy
Healthy-2-img-2_1023_898.jpg,healthy
Healthy-38-img-3_825_1023.jpg,healthy
Healthy-123-img-2_504_886.jpg,healthy
WSSV-117-img-2_796_1213.jpg,healthy
WSSV-44-img-2_728_732.jpg,healthy
Healthy-44-img-3_1143_981.jpg,wssv
WSSV-39-img-3_709_1206.jpg,wssv
WSSV-56-img-2_1054_988.jpg,healthy
WSSV-113-img-3_755_1088.jpg,wssv
Healthy-83-img-2_811_775.jpg,healthy
WSSV-104-img-2_716_720.jpg,healthy
WSSV-72-img-3_708_1222.jpg,wssv
Healthy-26-img-2_1291_1030.jpg,healthy
WSSV-97-img-3_1125_1107.jpg,healthy
WSSV-27-img-2_608_891.jpg,wssv
WSSV-98-img-2_1281_1021.jpg,wssv
Healthy-74-img-3_1007_1049.jpg,healthy
Healthy-16-img-3_996_825.jpg,healthy
Healthy-126-img-3_966_656.jpg,healthy
Healthy-100-img-2_854_842.jpg,healthy
Healthy-132-img-2_1204_1069.jpg,healthy
Healthy-12-img-3_768_1238.jpg,wssv
Healthy-70-img-3_527_801.jpg,wssv
WSSV-60-img-2_813_817.jpg,healthy
WSSV-118-img-3_571_815.jpg,wssv
Healthy-34-img-1_1115_797.jpg,wssv
WSSV-83-img-1_1120_970.jpg,wssv
WSSV-9-img-1_716_431.jpg,wssv
Healthy-6-img-3_937_726.jpg,healthy
Healthy-102-img-2_855_1092.jpg,healthy
Healthy-119-img-1_844_1198.jpg,healthy
Healthy-35-img-3_419_895.jpg,healthy
WSSV-14-img-1_1198_894.jpg,healthy
Healthy-33-img-3_786_1368.jpg,wssv
Healthy-35-img-1_1082_891.jpg,healthy
WSSV-21-img-2_625_1006.jpg,wssv
WSSV-65-img-1_714_813.jpg,wssv
WSSV-61-img-2_877_802.jpg,wssv
Healthy-37-img-1_1174_871.jpg,healthy
Healthy-136-img-3_1033_623.jpg,healthy
Healthy-52-img-3_1094_1115.jpg,wssv
Healthy-91-img-2_876_1095.jpg,healthy
WSSV-91-img-3_1200_910.jpg,wssv
WSSV-84-img-2_912_902.jpg,wssv
WSSV-38-img-2_934_1393.jpg,healthy
Healthy-42-img-3_812_1039.jpg,healthy
Healthy-70-img-1_868_798.jpg,healthy
Healthy-91-img-3_840_682.jpg,healthy
Healthy-29-img-2_815_806.jpg,healthy
WSSV-106-img-3_921_967.jpg,wssv
Healthy-48-img-1_872_715.jpg,healthy
Healthy-87-img-3_704_1173.jpg,healthy
WSSV-53-img-1_954_747.jpg,wssv
Healthy-50-img-3_1161_795.jpg,wssv
WSSV-65-img-2_765_777.jpg,wssv
WSSV-41-img-1_1174_1015.jpg,healthy
WSSV-105-img-3_900_1010.jpg,wssv
Healthy-87-img-1_794_810.jpg,healthy
Healthy-82-img-2_738_800.jpg,healthy
WSSV-113-img-2_1072_804.jpg,wssv
WSSV-11-img-3_889_1488.jpg,wssv
WSSV-23-img-1_1049_835.jpg,wssv
Healthy-132-img-3_733_1153.jpg,healthy
WSSV-17-img-1_742_686.jpg,wssv
Healthy-6-img-2_868_1005.jpg,healthy
Healthy-1-img-1_826_1041.jpg,healthy
WSSV-39-img-1_967_1074.jpg,wssv
WSSV-44-img-3_1198_1251.jpg,healthy
Healthy-119-img-3_761_786.jpg,healthy
Healthy-80-img-2_871_1261.jpg,wssv
WSSV-53-img-2_703_751.jpg,wssv
Healthy-2-img-3_970_1197.jpg,healthy
WSSV-106-img-2_634_971.jpg,healthy
Healthy-127-img-2_738_996.jpg,healthy
WSSV-107-img-2_768_727.jpg,healthy
WSSV-76-img-2_1051_623.jpg,wssv
WSSV-33-img-2_1053_820.jpg,wssv
Healthy-36-img-2_982_828.jpg,healthy
Healthy-123-img-1_717_1180.jpg,healthy
WSSV-48-img-2_649_831.jpg,wssv
WSSV-71-img-3_1053_1399.jpg,wssv
Healthy-86-img-1_976_972.jpg,healthy
WSSV-114-img-1_605_848.jpg,wssv
Healthy-33-img-2_1112_820.jpg,healthy
Healthy-72-img-3_1050_942.jpg,healthy
WSSV-18-img-1_1138_826.jpg,wssv
WSSV-79-img-1_807_856.jpg,wssv
WSSV-98-img-3_505_1136.jpg,wssv
Healthy-132-img-1_1146_786.jpg,healthy
Healthy-99-img-3_977_629.jpg,healthy
WSSV-27-img-3_401_946.jpg,wssv
Healthy-95-img-1_777_1215.jpg,healthy
Healthy-70-img-2_689_777.jpg,healthy
WSSV-11-img-2_904_664.jpg,wssv
WSSV-2-img-3_784_875.jpg,wssv
Healthy-48-img-3_1185_747.jpg,healthy
WSSV-80-img-3_737_925.jpg,wssv
Healthy-102-img-1_714_1094.jpg,healthy
Healthy-1-img-3_930_1003.jpg,healthy
WSSV-113-img-1_1031_846.jpg,wssv
Healthy-13-img-1_972_828.jpg,healthy
Healthy-102-img-3_826_837.jpg,healthy
WSSV-15-img-3_943_1224.jpg,wssv
Healthy-63-img-3_890_754.jpg,healthy
Healthy-129-img-1_863_1197.jpg,healthy
WSSV-51-img-2_734_1017.jpg,wssv
WSSV-21-img-1_743_1382.jpg,healthy
Healthy-76-img-2_993_869.jpg,healthy
Healthy-66-img-1_1040_1229.jpg,healthy
WSSV-16-img-1_991_740.jpg,wssv
WSSV-49-img-2_878_922.jpg,wssv
WSSV-88-img-1_942_871.jpg,wssv
WSSV-37-img-1_852_860.jpg,wssv
Healthy-105-img-1_929_1105.jpg,healthy
Healthy-90-img-1_789_895.jpg,healthy
WSSV-59-img-2_1031_1264.jpg,wssv
Healthy-38-img-1_825_1009.jpg,healthy
WSSV-94-img-1_1046_918.jpg,wssv
Healthy-35-img-2_994_895.jpg,healthy
Healthy-124-img-2_749_564.jpg,healthy
Healthy-112-img-2_835_679.jpg,healthy
Healthy-106-img-2_1027_665.jpg,healthy
WSSV-82-img-2_899_842.jpg,healthy
Healthy-131-img-2_723_657.jpg,healthy
Healthy-136-img-2_851_512.jpg,healthy
Healthy-140-img-1_740_944.jpg,healthy
WSSV-27-img-1_607_916.jpg,wssv
WSSV-102-img-2_650_680.jpg,wssv
Healthy-114-img-1_879_1008.jpg,healthy
Healthy-27-img-2_860_1268.jpg,wssv
Healthy-82-img-3_817_1051.jpg,healthy
Healthy-4-img-1_996_934.jpg,healthy
Healthy-50-img-2_902_701.jpg,wssv
Healthy-109-img-1_1101_1131.jpg,healthy
Healthy-115-img-3_834_601.jpg,healthy
WSSV-63-img-3_900_1162.jpg,wssv
Healthy-81-img-1_852_785.jpg,healthy
WSSV-36-img-1_1204_1107.jpg,wssv
Healthy-13-img-2_942_1001.jpg,healthy
WSSV-37-img-2_970_855.jpg,wssv
Healthy-13-img-3_906_845.jpg,healthy
WSSV-54-img-3_933_803.jpg,wssv
WSSV-55-img-1_1151_813.jpg,wssv
Healthy-19-img-2_836_724.jpg,wssv
Healthy-73-img-3_982_1286.jpg,healthy
WSSV-101-img-1_1000_918.jpg,wssv
Healthy-28-img-3_906_698.jpg,healthy
Healthy-138-img-2_779_1157.jpg,healthy
Healthy-49-img-2_684_734.jpg,healthy
Healthy-40-img-3_820_880.jpg,healthy
WSSV-24-img-1_723_1396.jpg,wssv
WSSV-31-img-2_1153_828.jpg,wssv
Healthy-61-img-2_1038_1083.jpg,healthy
WSSV-50-img-1_819_783.jpg,wssv
Healthy-46-img-1_991_1014.jpg,wssv
WSSV-19-img-1_929_736.jpg,healthy
Healthy-130-img-2_704_938.jpg,healthy
WSSV-108-img-3_1024_1162.jpg,healthy
Healthy-99-img-2_949_1210.jpg,healthy
Healthy-31-img-3_634_980.jpg,healthy
Healthy-113-img-1_878_1011.jpg,healthy
WSSV-5-img-1_1171_884.jpg,wssv
Healthy-9-img-2_923_972.jpg,healthy
Healthy-33-img-1_948_901.jpg,healthy
Healthy-30-img-1_986_1222.jpg,healthy
Healthy-3-img-1_915_430.jpg,healthy
Healthy-89-img-1_882_1097.jpg,healthy
Healthy-120-img-2_922_614.jpg,healthy
WSSV-36-img-3_619_1108.jpg,wssv
Healthy-95-img-3_845_1188.jpg,healthy
Healthy-41-img-1_813_971.jpg,healthy
WSSV-41-img-2_1136_1026.jpg,healthy
Healthy-75-img-1_1254_853.jpg,healthy
WSSV-49-img-1_948_833.jpg,wssv
Healthy-121-img-1_792_849.jpg,healthy
WSSV-5-img-3_1134_823.jpg,wssv
Healthy-122-img-2_647_948.jpg,healthy
Healthy-69-img-1_924_1132.jpg,healthy
WSSV-8-img-3_472_1108.jpg,healthy
WSSV-109-img-1_1065_1098.jpg,healthy
WSSV-109-img-3_954_878.jpg,wssv
Healthy-139-img-1_883_710.jpg,healthy
Healthy-122-img-3_807_701.jpg,healthy
WSSV-58-img-1_945_963.jpg,wssv
WSSV-67-img-2_868_723.jpg,wssv
Healthy-16-img-2_1154_979.jpg,healthy
Healthy-138-img-3_819_620.jpg,healthy
Healthy-71-img-3_884_720.jpg,healthy
WSSV-71-img-1_851_798.jpg,wssv
Healthy-86-img-2_1044_815.jpg,healthy
Healthy-130-img-3_841_770.jpg,healthy
Healthy-55-img-3_854_949.jpg,healthy
WSSV-52-img-2_863_809.jpg,wssv
Healthy-65-img-1_1025_698.jpg,healthy
WSSV-110-img-1_1151_824.jpg,wssv
WSSV-51-img-3_1325_826.jpg,wssv
Healthy-83-img-1_896_813.jpg,healthy
WSSV-112-img-1_923_940.jpg,wssv
WSSV-38-img-3_340_953.jpg,healthy
Healthy-15-img-2_884_817.jpg,healthy
WSSV-28-img-3_687_1255.jpg,wssv
WSSV-60-img-1_951_816.jpg,wssv
WSSV-4-img-1_883_1407.jpg,wssv
Healthy-55-img-2_841_913.jpg,healthy
Healthy-67-img-3_924_999.jpg,healthy
WSSV-96-img-2_817_658.jpg,wssv
Healthy-66-img-3_1072_945.jpg,healthy
Healthy-1-img-2_992_1277.jpg,healthy
Healthy-25-img-3_1221_1020.jpg,wssv
Healthy-127-img-1_819_1124.jpg,healthy
WSSV-103-img-1_745_633.jpg,wssv
WSSV-93-img-1_973_786.jpg,wssv
Healthy-11-img-1_650_886.jpg,healthy
WSSV-116-img-2_883_1051.jpg,wssv
WSSV-116-img-3_835_804.jpg,wssv
Healthy-4-img-2_958_749.jpg,healthy
Healthy-49-img-3_820_931.jpg,healthy
Healthy-135-img-3_1162_759.jpg,healthy
Healthy-75-img-2_959_976.jpg,healthy
WSSV-84-img-3_1067_856.jpg,wssv
Healthy-114-img-2_885_880.jpg,healthy
WSSV-11-img-1_859_702.jpg,wssv
Healthy-101-img-3_786_531.jpg,healthy
WSSV-93-img-2_823_780.jpg,healthy
WSSV-114-img-2_874_828.jpg,wssv
Healthy-10-img-1_822_1150.jpg,healthy
WSSV-43-img-1_1072_940.jpg,wssv
Healthy-129-img-2_533_841.jpg,healthy
Healthy-113-img-2_881_858.jpg,healthy
Healthy-107-img-2_1091_842.jpg,healthy
Healthy-53-img-2_765_766.jpg,healthy
Healthy-84-img-1_743_934.jpg,healthy
WSSV-98-img-1_1175_1049.jpg,wssv
WSSV-111-img-1_843_976.jpg,wssv
Healthy-15-img-3_1030_929.jpg,healthy
Healthy-142-img-1_946_523.jpg,healthy
Healthy-124-img-3_901_665.jpg,healthy
Healthy-61-img-3_1059_1226.jpg,wssv
Healthy-88-img-2_959_915.jpg,healthy
WSSV-110-img-2_710_956.jpg,wssv
WSSV-115-img-1_738_953.jpg,wssv
WSSV-104-img-1_717_794.jpg,healthy
WSSV-62-img-2_1041_862.jpg,wssv
WSSV-73-img-3_923_1133.jpg,wssv
Healthy-68-img-1_883_890.jpg,healthy
Healthy-122-img-1_779_1086.jpg,healthy
Healthy-85-img-2_704_1237.jpg,healthy
WSSV-77-img-2_842_668.jpg,wssv
WSSV-64-img-3_939_875.jpg,wssv
WSSV-96-img-1_909_770.jpg,wssv
WSSV-99-img-3_1126_767.jpg,wssv
Healthy-8-img-2_915_991.jpg,healthy
Healthy-58-img-1_975_1103.jpg,healthy
WSSV-30-img-1_1144_865.jpg,wssv
Healthy-138-img-1_703_792.jpg,healthy
Healthy-76-img-3_1077_677.jpg,healthy
WSSV-73-img-2_872_861.jpg,wssv
WSSV-46-img-1_752_823.jpg,wssv
Healthy-54-img-1_564_997.jpg,healthy
WSSV-100-img-3_1017_993.jpg,wssv
Healthy-107-img-3_1076_912.jpg,healthy
Healthy-63-img-1_723_662.jpg,healthy
Healthy-4-img-3_869_845.jpg,healthy
WSSV-71-img-2_858_793.jpg,wssv
WSSV-92-img-3_865_1282.jpg,wssv
Healthy-64-img-1_1002_888.jpg,healthy
WSSV-4-img-3_539_1328.jpg,wssv
Healthy-74-img-1_1000_816.jpg,healthy
WSSV-30-img-2_1300_840.jpg,wssv
Healthy-79-img-1_995_765.jpg,healthy
WSSV-50-img-2_913_610.jpg,wssv
WSSV-40-img-3_1101_1341.jpg,wssv
WSSV-1-img-1_926_820.jpg,wssv
WSSV-12-img-2_761_1171.jpg,wssv
WSSV-52-img-3_1107_1343.jpg,wssv
WSSV-55-img-2_1292_911.jpg,wssv
Healthy-72-img-2_1075_803.jpg,healthy
Healthy-46-img-3_877_1174.jpg,wssv
WSSV-32-img-1_794_831.jpg,wssv
Healthy-92-img-1_1036_886.jpg,healthy
Healthy-73-img-2_1041_843.jpg,healthy
WSSV-20-img-1_584_1021.jpg,healthy
WSSV-69-img-3_1204_1057.jpg,wssv
Healthy-98-img-2_1026_898.jpg,healthy
WSSV-107-img-3_711_1080.jpg,healthy
WSSV-15-img-2_399_969.jpg,wssv
Healthy-88-img-3_920_629.jpg,healthy
Healthy-89-img-3_934_1048.jpg,healthy
Healthy-65-img-2_1062_821.jpg,healthy
Healthy-123-img-3_759_607.jpg,healthy
Healthy-38-img-2_747_945.jpg,healthy
WSSV-47-img-3_650_1293.jpg,wssv
Healthy-42-img-1_1087_847.jpg,wssv
Healthy-108-img-1_920_710.jpg,wssv
WSSV-45-img-1_868_679.jpg,wssv
WSSV-43-img-2_1077_881.jpg,wssv
Healthy-81-img-2_942_760.jpg,healthy
Healthy-85-img-3_613_656.jpg,healthy
WSSV-52-img-1_899_852.jpg,wssv
Healthy-85-img-1_672_884.jpg,healthy
Healthy-127-img-3_852_713.jpg,healthy
Healthy-136-img-1_685_768.jpg,healthy
WSSV-7-img-1_922_1123.jpg,wssv
Healthy-58-img-3_965_1040.jpg,healthy
WSSV-10-img-1_749_1278.jpg,wssv
Healthy-3-img-2_1002_810.jpg,healthy
Healthy-59-img-3_834_590.jpg,healthy
WSSV-84-img-1_829_1271.jpg,wssv
WSSV-28-img-1_968_859.jpg,wssv
WSSV-18-img-2_762_877.jpg,wssv
Healthy-32-img-2_966_852.jpg,healthy
WSSV-118-img-2_804_945.jpg,wssv
Healthy-29-img-1_773_1447.jpg,healthy
WSSV-103-img-3_548_1135.jpg,wssv
WSSV-47-img-1_969_844.jpg,wssv
Healthy-98-img-1_1004_975.jpg,healthy
WSSV-117-img-1_797_1272.jpg,healthy
WSSV-13-img-3_911_1543.jpg,wssv
Healthy-125-img-2_774_791.jpg,healthy
Healthy-60-img-1_621_828.jpg,healthy
Healthy-139-img-2_1177_577.jpg,healthy
Healthy-18-img-1_1057_360.jpg,healthy
Healthy-111-img-1_1009_1244.jpg,healthy
WSSV-93-img-3_941_1144.jpg,wssv
WSSV-68-img-1_874_831.jpg,wssv
Healthy-23-img-1_428_811.jpg,healthy
WSSV-31-img-1_1150_784.jpg,wssv
Healthy-18-img-2_1027_607.jpg,wssv
Healthy-78-img-1_957_955.jpg,healthy
Healthy-67-img-1_917_753.jpg,healthy
WSSV-97-img-2_899_823.jpg,wssv
WSSV-70-img-3_804_1128.jpg,wssv
WSSV-111-img-2_823_863.jpg,wssv
WSSV-91-img-1_698_963.jpg,healthy
WSSV-35-img-3_1254_1172.jpg,wssv
Healthy-124-img-1_778_804.jpg,healthy
Healthy-135-img-2_834_519.jpg,healthy
WSSV-4-img-2_392_1428.jpg,wssv
Healthy-118-img-3_1055_745.jpg,healthy
WSSV-24-img-2_735_1224.jpg,wssv
Healthy-141-img-2_785_510.jpg,healthy
WSSV-13-img-1_856_628.jpg,wssv
WSSV-66-img-2_983_919.jpg,wssv
Healthy-78-img-2_1089_837.jpg,healthy
Healthy-118-img-2_974_916.jpg,healthy
WSSV-26-img-1_848_956.jpg,wssv
WSSV-25-img-2_1014_829.jpg,wssv
WSSV-22-img-2_878_720.jpg,healthy
Healthy-5-img-1_1016_1397.jpg,healthy
Healthy-78-img-3_1000_1056.jpg,healthy
Healthy-15-img-1_943_757.jpg,healthy
WSSV-103-img-2_837_566.jpg,wssv
WSSV-6-img-1_539_748.jpg,wssv
Healthy-112-img-1_1012_976.jpg,healthy
Healthy-56-img-3_956_580.jpg,healthy
Healthy-25-img-2_1151_904.jpg,healthy
Healthy-118-img-1_1130_807.jpg,healthy
Healthy-8-img-1_799_1232.jpg,healthy
Healthy-92-img-3_1014_756.jpg,healthy
WSSV-42-img-1_726_966.jpg,wssv
WSSV-23-img-2_1013_682.jpg,wssv
Healthy-18-img-3_612_870.jpg,wssv
Healthy-17-img-3_811_796.jpg,healthy
Healthy-131-img-1_612_719.jpg,healthy
WSSV-70-img-1_794_726.jpg,wssv
WSSV-30-img-3_772_1202.jpg,wssv
Healthy-103-img-1_774_948.jpg,healthy
Healthy-42-img-2_1028_846.jpg,healthy
Healthy-103-img-3_1048_1023.jpg,healthy
WSSV-10-img-3_867_772.jpg,wssv
Healthy-83-img-3_560_762.jpg,healthy
WSSV-72-img-2_1018_806.jpg,wssv
WSSV-20-img-3_716_770.jpg,healthy
Healthy-75-img-3_897_797.jpg,healthy
Healthy-96-img-2_709_704.jpg,healthy
Healthy-89-img-2_1059_1253.jpg,healthy
Healthy-82-img-1_799_938.jpg,healthy
WSSV-16-img-2_956_875.jpg,wssv
Healthy-62-img-2_909_1026.jpg,wssv
Healthy-80-img-3_896_850.jpg,healthy
WSSV-45-img-2_715_508.jpg,wssv
Healthy-27-img-3_841_1345.jpg,wssv
Healthy-54-img-2_674_1095.jpg,wssv
Healthy-92-img-2_925_983.jpg,wssv
WSSV-95-img-1_1104_879.jpg,wssv
WSSV-21-img-3_608_943.jpg,wssv
WSSV-81-img-1_1052_1091.jpg,healthy
Healthy-99-img-1_878_985.jpg,healthy
WSSV-57-img-2_984_1275.jpg,wssv
Healthy-45-img-3_989_1141.jpg,wssv
Healthy-117-img-2_986_1251.jpg,healthy
Healthy-16-img-1_1131_974.jpg,healthy
Healthy-86-img-3_992_1144.jpg,healthy
Healthy-32-img-1_839_813.jpg,healthy
WSSV-62-img-1_887_896.jpg,wssv
WSSV-44-img-1_747_861.jpg,healthy
WSSV-34-img-1_836_943.jpg,wssv
Healthy-20-img-1_1168_918.jpg,healthy
WSSV-76-img-1_1020_593.jpg,wssv
Healthy-32-img-3_805_1353.jpg,healthy
Healthy-139-img-3_1232_928.jpg,healthy
WSSV-86-img-2_882_716.jpg,wssv
Healthy-140-img-3_1202_1062.jpg,healthy
WSSV-63-img-1_1084_967.jpg,healthy
Healthy-17-img-2_828_793.jpg,healthy
Healthy-9-img-3_894_1021.jpg,healthy
WSSV-2-img-2_734_916.jpg,wssv
Healthy-74-img-2_1063_882.jpg,healthy
Healthy-101-img-2_804_927.jpg,healthy
Healthy-137-img-3_765_1025.jpg,healthy
WSSV-32-img-3_775_1446.jpg,wssv
Healthy-28-img-1_871_845.jpg,wssv
Healthy-133-img-2_889_604.jpg,healthy
Healthy-37-img-2_1233_908.jpg,healthy
Healthy-120-img-1_703_1168.jpg,healthy
WSSV-91-img-2_456_1049.jpg,wssv
WSSV-56-img-3_928_974.jpg,healthy
Healthy-117-img-3_947_1023.jpg,healthy
WSSV-9-img-3_845_487.jpg,wssv
WSSV-1-img-3_1238_1307.jpg,wssv
WSSV-75-img-2_808_751.jpg,wssv
Healthy-79-img-2_1058_859.jpg,healthy
Healthy-95-img-2_712_1090.jpg,healthy
Healthy-94-img-1_877_998.jpg,healthy
Healthy-113-img-3_792_1186.jpg,healthy
WSSV-109-img-2_713_1039.jpg,healthy
WSSV-34-img-2_1504_941.jpg,wssv
WSSV-76-img-3_941_692.jpg,wssv
Healthy-3-img-3_841_727.jpg,healthy
WSSV-26-img-2_707_1002.jpg,wssv
WSSV-94-img-2_1088_794.jpg,healthy
Healthy-40-img-2_784_911.jpg,healthy
WSSV-39-img-2_1038_1052.jpg,wssv
Healthy-77-img-3_877_554.jpg,healthy
Healthy-14-img-1_1279_949.jpg,healthy
Healthy-17-img-1_845_815.jpg,healthy
Healthy-14-img-2_1085_1124.jpg,healthy
WSSV-80-img-1_1001_685.jpg,wssv
WSSV-28-img-2_951_927.jpg,wssv
Healthy-45-img-1_969_907.jpg,wssv
WSSV-78-img-1_983_786.jpg,wssv
Healthy-60-img-2_714_983.jpg,healthy
WSSV-53-img-3_627_1199.jpg,wssv
WSSV-95-img-3_1124_1249.jpg,wssv
WSSV-46-img-3_821_1411.jpg,wssv
Healthy-26-img-1_732_1199.jpg,healthy
WSSV-12-img-1_842_823.jpg,wssv
WSSV-6-img-2_529_647.jpg,wssv
Healthy-5-img-2_744_419.jpg,healthy
Healthy-47-img-3_734_1340.jpg,healthy
WSSV-24-img-3_672_1283.jpg,wssv
Healthy-134-img-1_1024_761.jpg,healthy
Healthy-64-img-2_655_877.jpg,healthy
Healthy-90-img-2_789_1103.jpg,healthy
WSSV-67-img-1_843_782.jpg,wssv
WSSV-87-img-2_1052_1006.jpg,wssv
Healthy-21-img-1_1184_1065.jpg,healthy
WSSV-18-img-3_824_1425.jpg,wssv
Healthy-65-img-3_957_899.jpg,healthy
Healthy-71-img-2_1010_834.jpg,healthy
WSSV-63-img-2_898_959.jpg,wssv
WSSV-115-img-3_888_1188.jpg,wssv
WSSV-61-img-3_1184_726.jpg,wssv
Healthy-133-img-3_1187_1226.jpg,healthy
Healthy-7-img-3_883_786.jpg,healthy
WSSV-85-img-2_960_729.jpg,healthy
WSSV-61-img-1_896_884.jpg,wssv
WSSV-97-img-1_950_820.jpg,wssv
Healthy-47-img-1_996_873.jpg,healthy
WSSV-107-img-1_854_758.jpg,healthy
WSSV-89-img-1_1280_1057.jpg,healthy
WSSV-75-img-1_780_987.jpg,wssv
WSSV-17-img-2_796_607.jpg,wssv
Healthy-10-img-2_817_1162.jpg,healthy
Healthy-129-img-3_967_908.jpg,healthy
Healthy-12-img-1_858_1218.jpg,healthy
Healthy-110-img-2_896_746.jpg,healthy
Healthy-49-img-1_693_747.jpg,healthy
Healthy-22-img-1_578_965.jpg,healthy
WSSV-70-img-2_787_712.jpg,wssv
Healthy-11-img-3_397_1007.jpg,healthy
Healthy-44-img-1_1004_872.jpg,wssv
WSSV-74-img-3_1104_996.jpg,wssv
WSSV-48-img-3_1104_1294.jpg,wssv
Healthy-56-img-1_1075_1096.jpg,healthy
Healthy-98-img-3_1001_1152.jpg,healthy
Healthy-57-img-1_788_798.jpg,healthy
Healthy-142-img-2_1373_778.jpg,healthy
WSSV-14-img-3_687_1379.jpg,healthy
WSSV-32-img-2_684_939.jpg,wssv
WSSV-59-img-1_880_964.jpg,wssv
Healthy-116-img-1_830_709.jpg,healthy
WSSV-89-img-2_1210_929.jpg,healthy
Healthy-39-img-1_792_1201.jpg,healthy
Healthy-135-img-1_669_823.jpg,healthy
Healthy-88-img-1_833_866.jpg,healthy
WSSV-78-img-2_950_864.jpg,wssv
Healthy-93-img-1_939_1076.jpg,healthy
WSSV-116-img-1_899_1073.jpg,wssv
WSSV-36-img-2_1071_667.jpg,wssv
WSSV-100-img-2_850_734.jpg,wssv
WSSV-56-img-1_644_1050.jpg,wssv
Healthy-43-img-1_1009_860.jpg,wssv
WSSV-64-img-1_646_889.jpg,wssv
Healthy-59-img-2_1054_924.jpg,healthy
Healthy-121-img-3_982_867.jpg,healthy
WSSV-49-img-3_795_1441.jpg,wssv
Healthy-66-img-2_1044_1184.jpg,healthy
Healthy-51-img-1_879_674.jpg,healthy
Healthy-134-img-3_576_802.jpg,healthy
Healthy-68-img-2_902_1101.jpg,healthy
WSSV-35-img-1_510_1100.jpg,wssv
Healthy-14-img-3_711_1077.jpg,healthy
